{
  "annotations": {
    "list": [
      {
        "builtIn": 1,
        "datasource": {
          "type": "grafana",
          "uid": "grafana"
        },
        "enable": true,
        "hide": true,
        "iconColor": "rgba(0, 211, 255, 1)",
        "name": "Annotations & Alerts",
        "type": "dashboard"
      }
    ]
  },
  "editable": true,
  "fiscalYearStartMonth": 0,
  "graphTooltip": 0,
  "links": [],
  "panels": [
    {
      "datasource": {
        "type": "prometheus",
        "uid": "prometheus-ds"
      },
      "fieldConfig": {
        "defaults": {
          "color": { "mode": "palette-classic" },
          "mappings": [],
          "thresholds": { "mode": "absolute", "steps": [ { "color": "green", "value": null }, { "color": "red", "value": 0.9 } ] },
          "unit": "percentunit"
        },
        "overrides": []
      },
      "gridPos": { "h": 8, "w": 12, "x": 0, "y": 0 },
      "id": 1,
      "options": {
        "legend": { "calcs": ["last"], "displayMode": "list", "placement": "bottom" },
        "tooltip": { "mode": "multi", "sort": "none" }
      },
      "targets": [
        {
          "expr": "(1 - avg(rate(node_cpu_seconds_total{mode=\"idle\"}[5m])))",
          "legendFormat": "CPU uso",
          "refId": "A"
        }
      ],
      "title": "Uso de CPU (5m)",
      "type": "timeseries"
    },
    {
      "datasource": {
        "type": "prometheus",
        "uid": "prometheus-ds"
      },
      "fieldConfig": {
        "defaults": {
          "color": { "mode": "palette-classic" },
          "mappings": [],
          "thresholds": { "mode": "absolute", "steps": [ { "color": "green", "value": null }, { "color": "orange", "value": 0.8 }, { "color": "red", "value": 0.9 } ] },
          "unit": "percentunit"
        },
        "overrides": []
      },
      "gridPos": { "h": 8, "w": 12, "x": 12, "y": 0 },
      "id": 2,
      "options": {
        "legend": { "displayMode": "table", "placement": "bottom" },
        "tooltip": { "mode": "single" }
      },
      "targets": [
        {
          "expr": "1 - (node_memory_MemAvailable_bytes / node_memory_MemTotal_bytes)",
          "legendFormat": "Memória em uso",
          "refId": "A"
        }
      ],
      "title": "Uso de memória",
      "type": "timeseries"
    },
    {
      "datasource": {
        "type": "prometheus",
        "uid": "prometheus-ds"
      },
      "fieldConfig": {
        "defaults": {
          "color": { "mode": "palette-classic" },
          "mappings": [],
          "thresholds": { "mode": "absolute", "steps": [ { "color": "green", "value": null }, { "color": "orange", "value": 0.8 }, { "color": "red", "value": 0.9 } ] },
          "unit": "percentunit"
        },
        "overrides": []
      },
      "gridPos": { "h": 8, "w": 12, "x": 0, "y": 8 },
      "id": 3,
      "options": {
        "legend": { "displayMode": "list", "placement": "bottom" },
        "tooltip": { "mode": "single" }
      },
      "targets": [
        {
          "expr": "1 - (node_filesystem_avail_bytes{mountpoint=\"/\",fstype!~\"tmpfs|aufs|overlay\"} / node_filesystem_size_bytes{mountpoint=\"/\",fstype!~\"tmpfs|aufs|overlay\"})",
          "legendFormat": "Disco /",
          "refId": "A"
        }
      ],
      "title": "Uso de disco (/)",
      "type": "timeseries"
    },
    {
      "datasource": {
        "type": "prometheus",
        "uid": "prometheus-ds"
      },
      "fieldConfig": {
        "defaults": {
          "unit": "short",
          "thresholds": { "mode": "absolute", "steps": [ { "color": "green", "value": null }, { "color": "orange", "value": 200 }, { "color": "red", "value": 500 } ] }
        },
        "overrides": []
      },
      "gridPos": { "h": 8, "w": 12, "x": 12, "y": 8 },
      "id": 4,
      "options": {
        "colorMode": "value",
        "graphMode": "area",
        "justifyMode": "center",
        "orientation": "auto",
        "reduceOptions": { "calcs": ["lastNotNull"], "fields": "", "values": false },
        "textMode": "value_and_name"
      },
      "targets": [
        {
          "expr": "node_processes",
          "legendFormat": "Processos totais",
          "refId": "A"
        },
        {
          "expr": "node_procs_running",
          "legendFormat": "Processos rodando",
          "refId": "B"
        }
      ],
      "title": "Processos",
      "transformations": [
        {
          "id": "seriesToColumns",
          "options": {
            "byField": "Time"
          }
        }
      ],
      "type": "stat"
    },
    {
      "datasource": {
        "type": "prometheus",
        "uid": "prometheus-ds"
      },
      "fieldConfig": {
        "defaults": {
          "color": { "mode": "palette-classic" },
          "mappings": [],
          "thresholds": { "mode": "absolute", "steps": [ { "color": "green", "value": null } ] },
          "unit": "bps"
        },
        "overrides": []
      },
      "gridPos": { "h": 8, "w": 12, "x": 0, "y": 16 },
      "id": 5,
      "options": {
        "legend": { "displayMode": "table", "placement": "bottom" },
        "tooltip": { "mode": "multi", "sort": "none" }
      },
      "targets": [
        {
          "expr": "rate(node_network_receive_bytes_total{device!=\"lo\"}[5m]) * 8",
          "legendFormat": "{{device}} RX",
          "refId": "A"
        },
        {
          "expr": "rate(node_network_transmit_bytes_total{device!=\"lo\"}[5m]) * 8",
          "legendFormat": "{{device}} TX",
          "refId": "B"
        }
      ],
      "title": "Tráfego de rede",
      "type": "timeseries"
    },
    {
      "datasource": {
        "type": "prometheus",
        "uid": "prometheus-ds"
      },
      "fieldConfig": {
        "defaults": {
          "color": { "mode": "palette-classic" },
          "mappings": [],
          "thresholds": { "mode": "absolute", "steps": [ { "color": "green", "value": null }, { "color": "red", "value": 0.2 } ] },
          "unit": "s"
        },
        "overrides": []
      },
      "gridPos": { "h": 8, "w": 12, "x": 12, "y": 16 },
      "id": 6,
      "options": {
        "legend": { "displayMode": "list", "placement": "bottom" },
        "tooltip": { "mode": "single" }
      },
      "targets": [
        {
          "expr": "ping_rtt_mean_seconds{alias=\"router\"}",
          "legendFormat": "Roteador",
          "refId": "A"
        },
        {
          "expr": "ping_rtt_mean_seconds{alias=\"google\"}",
          "legendFormat": "Google",
          "refId": "B"
        }
      ],
      "title": "Latência de rede (ping)",
      "type": "timeseries"
    }
  ],
  "refresh": "30s",
  "schemaVersion": 38,
  "style": "dark",
  "tags": ["observability"],
  "templating": { "list": [] },
  "time": { "from": "now-1h", "to": "now" },
  "timepicker": { "refresh_intervals": ["10s", "30s", "1m", "5m"] },
  "timezone": "",
  "title": "Node Exporter – Visão rápida",
  "uid": "node-observability",
  "version": 2
}
